1	Sat, 22 Aug 2026	18:30	Inter	Monza	1
1	Sat, 22 Aug 2026	18:30	Udinese	Como	1
1	Sat, 22 Aug 2026	20:45	Genoa	Napoli	1
1	Sat, 22 Aug 2026	20:45	Parma	Cagliari	1
1	Sun, 23 Aug 2026	18:30	Frosinone	Juventus	1
1	Sun, 23 Aug 2026	18:30	Venezia	Lecce	1
1	Sun, 23 Aug 2026	20:45	Atalanta	Sassuolo	1
1	Sun, 23 Aug 2026	20:45	Torino	Milan	1
1	Mon, 24 Aug 2026	18:30	Bologna	Lazio	1
1	Mon, 24 Aug 2026	20:45	Roma	Fiorentina	1
2	Fri, 28 Aug 2026	20:45	Milan	Venezia	1
2	Sat, 29 Aug 2026	18:30	Fiorentina	Frosinone	1
2	Sat, 29 Aug 2026	18:30	Monza	Udinese	1
2	Sat, 29 Aug 2026	18:30	Sassuolo	Torino	1
2	Sat, 29 Aug 2026	20:45	Juventus	Parma	1
2	Sun, 30 Aug 2026	18:30	Napoli	Como	1
2	Sun, 30 Aug 2026	20:45	Cagliari	Inter	1
2	Sun, 30 Aug 2026	20:45	Lazio	Genoa	1
2	Mon, 31 Aug 2026	18:30	Lecce	Roma	1
2	Mon, 31 Aug 2026	20:45	Atalanta	Bologna	1
3	Fri, 4 Sept 2026	20:45	Genoa	Como	1
3	Sat, 5 Sept 2026	15:00	Fiorentina	Torino	1
3	Sat, 5 Sept 2026	18:00	Inter	Napoli	1
3	Sat, 5 Sept 2026	20:45	Roma	Atalanta	1
3	Sun, 6 Sept 2026	15:00	Frosinone	Venezia	1
3	Sun, 6 Sept 2026	15:00	Parma	Monza	1
3	Sun, 6 Sept 2026	18:00	Bologna	Sassuolo	1
3	Sun, 6 Sept 2026	20:45	Juventus	Milan	1
3	Mon, 7 Sept 2026	18:30	Cagliari	Lecce	1
3	Mon, 7 Sept 2026	20:45	Udinese	Lazio	1
4	Fri, 11 Sept 2026	20:45	Venezia	Fiorentina	1
4	Sat, 12 Sept 2026	15:00	Genoa	Frosinone	1
4	Sat, 12 Sept 2026	18:00	Lazio	Milan	1
4	Sat, 12 Sept 2026	20:45	Atalanta	Cagliari	1
4	Sun, 13 Sept 2026	15:00	Lecce	Monza	1
4	Sun, 13 Sept 2026	18:00	Napoli	Bologna	1
4	Sun, 13 Sept 2026	20:45	Sassuolo	Juventus	1
4	Mon, 14 Sept 2026	18:30	Como	Parma	1
4	Mon, 14 Sept 2026	18:30	Torino	Roma	1
4	Mon, 14 Sept 2026	20:45	Inter	Udinese	1
5	Fri, 18 Sept 2026	20:45	Monza	Sassuolo	1
5	Sat, 19 Sept 2026	15:00	Bologna	Torino	1
5	Sat, 19 Sept 2026	15:00	Udinese	Cagliari	1
5	Sat, 19 Sept 2026	18:00	Roma	Inter	1
5	Sat, 19 Sept 2026	20:45	Venezia	Lazio	1
5	Sun, 20 Sept 2026	12:30	Fiorentina	Napoli	1
5	Sun, 20 Sept 2026	15:00	Frosinone	Como	1
5	Sun, 20 Sept 2026	15:00	Parma	Genoa	1
5	Sun, 20 Sept 2026	18:00	Juventus	Atalanta	1
5	Sun, 20 Sept 2026	20:45	Milan	Lecce	1
6	Sat, 10 Oct 2026	15:00	Genoa	Fiorentina	0
6	Sat, 10 Oct 2026	18:00	Inter	Parma	0
6	Sat, 10 Oct 2026	20:45	Napoli	Frosinone	0
6	Sun, 11 Oct 2026	12:30	Como	Roma	0
6	Sun, 11 Oct 2026	15:00	Lazio	Monza	0
6	Sun, 11 Oct 2026	15:00	Lecce	Bologna	0
6	Sun, 11 Oct 2026	18:00	Sassuolo	Milan	0
6	Sun, 11 Oct 2026	20:45	Cagliari	Juventus	0
6	Mon, 12 Oct 2026	18:30	Atalanta	Venezia	0
6	Mon, 12 Oct 2026	20:45	Torino	Udinese	0
7	Fri, 16 Oct 2026	20:45	Frosinone	Sassuolo	0
7	Sat, 17 Oct 2026	15:00	Venezia	Napoli	0
7	Sat, 17 Oct 2026	18:00	Bologna	Inter	0
7	Sat, 17 Oct 2026	20:45	Roma	Genoa	0
7	Sun, 18 Oct 2026	12:30	Udinese	Lecce	0
7	Sun, 18 Oct 2026	15:00	Fiorentina	Como	0
7	Sun, 18 Oct 2026	18:00	Milan	Atalanta	0
7	Sun, 18 Oct 2026	20:45	Juventus	Lazio	0
7	Mon, 19 Oct 2026	18:30	Monza	Cagliari	0
7	Mon, 19 Oct 2026	20:45	Parma	Torino	0
8	Fri, 23 Oct 2026	20:45	Torino	Monza	0
8	Sat, 24 Oct 2026	15:00	Cagliari	Bologna	0
8	Sat, 24 Oct 2026	15:00	Como	Sassuolo	0
8	Sat, 24 Oct 2026	18:00	Napoli	Roma	0
8	Sat, 24 Oct 2026	20:45	Lazio	Parma	0
8	Sun, 25 Oct 2026	12:30	Inter	Fiorentina	0
8	Sun, 25 Oct 2026	15:00	Atalanta	Frosinone	0
8	Sun, 25 Oct 2026	15:00	Genoa	Venezia	0
8	Sun, 25 Oct 2026	18:00	Lecce	Juventus	0
8	Sun, 25 Oct 2026	20:45	Udinese	Milan	0
9	Tue, 27 Oct 2026	18:30	Sassuolo	Lazio	0
9	Tue, 27 Oct 2026	20:45	Roma	Cagliari	0
9	Tue, 27 Oct 2026	20:45	Torino	Como	0
9	Wed, 28 Oct 2026	18:30	Milan	Bologna	0
9	Wed, 28 Oct 2026	18:30	Parma	Udinese	0
9	Wed, 28 Oct 2026	18:30	Venezia	Inter	0
9	Wed, 28 Oct 2026	20:45	Genoa	Juventus	0
9	Wed, 28 Oct 2026	20:45	Monza	Napoli	0
9	Thu, 29 Oct 2026	18:30	Frosinone	Lecce	0
9	Thu, 29 Oct 2026	20:45	Fiorentina	Atalanta	0
10	Sat, 31 Oct 2026	15:00	Bologna	Monza	0
10	Sat, 31 Oct 2026	18:00	Udinese	Roma	0
10	Sat, 31 Oct 2026	20:45	Milan	Inter	0
10	Sun, 1 Nov 2026	12:30	Como	Venezia	0
10	Sun, 1 Nov 2026	15:00	Frosinone	Torino	0
10	Sun, 1 Nov 2026	15:00	Lazio	Cagliari	0
10	Sun, 1 Nov 2026	18:00	Lecce	Genoa	0
10	Sun, 1 Nov 2026	20:45	Juventus	Napoli	0
10	Mon, 2 Nov 2026	18:30	Sassuolo	Fiorentina	0
10	Mon, 2 Nov 2026	20:45	Atalanta	Parma	0
11	Fri, 6 Nov 2026	20:45	Venezia	Udinese	0
11	Sat, 7 Nov 2026	15:00	Cagliari	Frosinone	0
11	Sat, 7 Nov 2026	15:00	Torino	Lecce	0
11	Sat, 7 Nov 2026	18:00	Parma	Bologna	0
11	Sat, 7 Nov 2026	20:45	Roma	Sassuolo	0
11	Sun, 8 Nov 2026	12:30	Napoli	Lazio	0
11	Sun, 8 Nov 2026	15:00	Genoa	Milan	0
11	Sun, 8 Nov 2026	15:00	Monza	Atalanta	0
11	Sun, 8 Nov 2026	18:00	Inter	Como	0
11	Sun, 8 Nov 2026	20:45	Fiorentina	Juventus	0
12	Sat, 21 Nov 2026	15:00	Como	Cagliari	0
12	Sat, 21 Nov 2026	15:00	Lazio	Lecce	0
12	Sat, 21 Nov 2026	18:00	Parma	Roma	0
12	Sat, 21 Nov 2026	20:45	Napoli	Torino	0
12	Sun, 22 Nov 2026	12:30	Juventus	Venezia	0
12	Sun, 22 Nov 2026	15:00	Bologna	Udinese	0
12	Sun, 22 Nov 2026	15:00	Sassuolo	Genoa	0
12	Sun, 22 Nov 2026	18:00	Milan	Frosinone	0
12	Sun, 22 Nov 2026	20:45	Atalanta	Inter	0
12	Mon, 23 Nov 2026	20:45	Monza	Fiorentina	0
13	Fri, 27 Nov 2026	20:45	Venezia	Bologna	0
13	Sat, 28 Nov 2026	15:00	Frosinone	Parma	0
13	Sat, 28 Nov 2026	18:00	Torino	Lazio	0
13	Sat, 28 Nov 2026	20:45	Inter	Genoa	0
13	Sun, 29 Nov 2026	12:30	Udinese	Fiorentina	0
13	Sun, 29 Nov 2026	15:00	Sassuolo	Napoli	0
13	Sun, 29 Nov 2026	18:00	Roma	Monza	0
13	Sun, 29 Nov 2026	20:45	Como	Juventus	0
13	Mon, 30 Nov 2026	18:30	Lecce	Atalanta	0
13	Mon, 30 Nov 2026	20:45	Cagliari	Milan	0
14	Fri, 4 Dec 2026	20:45	Bologna	Roma	0
14	Sat, 5 Dec 2026	15:00	Monza	Como	0
14	Sat, 5 Dec 2026	18:00	Frosinone	Inter	0
14	Sat, 5 Dec 2026	20:45	Napoli	Lecce	0
14	Sun, 6 Dec 2026	12:30	Genoa	Torino	0
14	Sun, 6 Dec 2026	15:00	Lazio	Atalanta	0
14	Sun, 6 Dec 2026	18:00	Juventus	Udinese	0
14	Sun, 6 Dec 2026	20:45	Milan	Parma	0
14	Mon, 7 Dec 2026	18:30	Venezia	Sassuolo	0
14	Mon, 7 Dec 2026	20:45	Fiorentina	Cagliari	0
15	Fri, 11 Dec 2026	20:45	Udinese	Frosinone	0
15	Sat, 12 Dec 2026	15:00	Cagliari	Venezia	0
15	Sat, 12 Dec 2026	18:00	Lecce	Sassuolo	0
15	Sat, 12 Dec 2026	20:45	Como	Bologna	0
15	Sun, 13 Dec 2026	12:30	Lazio	Roma	0
15	Sun, 13 Dec 2026	15:00	Inter	Torino	0
15	Sun, 13 Dec 2026	18:00	Parma	Fiorentina	0
15	Sun, 13 Dec 2026	20:45	Napoli	Milan	0
15	Mon, 14 Dec 2026	18:30	Atalanta	Genoa	0
15	Mon, 14 Dec 2026	20:45	Juventus	Monza	0
16	Fri, 18 Dec 2026	18:30	Frosinone	Lazio	0
16	Fri, 18 Dec 2026	20:45	Lecce	Inter	0
16	Sat, 19 Dec 2026	15:00	Sassuolo	Parma	0
16	Sat, 19 Dec 2026	18:00	Milan	Como	0
16	Sat, 19 Dec 2026	20:45	Roma	Juventus	0
16	Sun, 20 Dec 2026	12:30	Fiorentina	Bologna	0
16	Sun, 20 Dec 2026	15:00	Torino	Cagliari	0
16	Sun, 20 Dec 2026	15:00	Venezia	Monza	0
16	Sun, 20 Dec 2026	18:00	Genoa	Udinese	0
16	Sun, 20 Dec 2026	20:45	Atalanta	Napoli	0
17	Sat, 2 Jan 2027	12:30	Cagliari	Genoa	0
17	Sat, 2 Jan 2027	15:00	Fiorentina	Lazio	0
17	Sat, 2 Jan 2027	15:00	Torino	Venezia	0
17	Sat, 2 Jan 2027	18:00	Roma	Frosinone	0
17	Sat, 2 Jan 2027	20:45	Monza	Milan	0
17	Sun, 3 Jan 2027	12:30	Inter	Sassuolo	0
17	Sun, 3 Jan 2027	15:00	Como	Lecce	0
17	Sun, 3 Jan 2027	15:00	Udinese	Atalanta	0
17	Sun, 3 Jan 2027	18:00	Parma	Napoli	0
17	Sun, 3 Jan 2027	20:45	Bologna	Juventus	0
18	Tue, 5 Jan 2027	18:30	Genoa	Monza	0
18	Tue, 5 Jan 2027	18:30	Venezia	Roma	0
18	Tue, 5 Jan 2027	20:45	Milan	Fiorentina	0
18	Wed, 6 Jan 2027	12:30	Juventus	Torino	0
18	Wed, 6 Jan 2027	15:00	Frosinone	Bologna	0
18	Wed, 6 Jan 2027	15:00	Lecce	Parma	0
18	Wed, 6 Jan 2027	18:00	Atalanta	Como	0
18	Wed, 6 Jan 2027	20:45	Lazio	Inter	0
18	Thu, 7 Jan 2027	18:30	Sassuolo	Udinese	0
18	Thu, 7 Jan 2027	20:45	Napoli	Cagliari	0
19	Sat, 9 Jan 2027	15:00	Monza	Frosinone	0
19	Sat, 9 Jan 2027	18:00	Roma	Milan	0
19	Sat, 9 Jan 2027	20:45	Bologna	Genoa	0
19	Sun, 10 Jan 2027	12:30	Como	Lazio	0
19	Sun, 10 Jan 2027	15:00	Fiorentina	Lecce	0
19	Sun, 10 Jan 2027	15:00	Parma	Venezia	0
19	Sun, 10 Jan 2027	18:00	Torino	Atalanta	0
19	Sun, 10 Jan 2027	20:45	Inter	Juventus	0
19	Mon, 11 Jan 2027	18:30	Cagliari	Sassuolo	0
19	Mon, 11 Jan 2027	20:45	Udinese	Napoli	0
20	Sat, 16 Jan 2027		Atalanta	Roma	0
20	Sat, 16 Jan 2027		Cagliari	Como	0
20	Sat, 16 Jan 2027		Juventus	Genoa	0
20	Sat, 16 Jan 2027		Lazio	Bologna	0
20	Sat, 16 Jan 2027		Lecce	Udinese	0
20	Sat, 16 Jan 2027		Milan	Torino	0
20	Sat, 16 Jan 2027		Napoli	Fiorentina	0
20	Sat, 16 Jan 2027		Parma	Inter	0
20	Sat, 16 Jan 2027		Sassuolo	Monza	0
20	Sat, 16 Jan 2027		Venezia	Frosinone	0
21	Sat, 23 Jan 2027		Bologna	Atalanta	0
21	Sat, 23 Jan 2027		Como	Napoli	0
21	Sat, 23 Jan 2027		Fiorentina	Sassuolo	0
21	Sat, 23 Jan 2027		Frosinone	Milan	0
21	Sat, 23 Jan 2027		Genoa	Parma	0
21	Sat, 23 Jan 2027		Inter	Venezia	0
21	Sat, 23 Jan 2027		Juventus	Cagliari	0
21	Sat, 23 Jan 2027		Lecce	Torino	0
21	Sat, 23 Jan 2027		Monza	Lazio	0
21	Sat, 23 Jan 2027		Roma	Udinese	0
22	Sat, 30 Jan 2027		Atalanta	Fiorentina	0
22	Sat, 30 Jan 2027		Cagliari	Parma	0
22	Sat, 30 Jan 2027		Genoa	Lecce	0
22	Sat, 30 Jan 2027		Lazio	Venezia	0
22	Sat, 30 Jan 2027		Milan	Juventus	0
22	Sat, 30 Jan 2027		Monza	Roma	0
22	Sat, 30 Jan 2027		Napoli	Inter	0
22	Sat, 30 Jan 2027		Sassuolo	Como	0
22	Sat, 30 Jan 2027		Torino	Frosinone	0
22	Sat, 30 Jan 2027		Udinese	Bologna	0
23	Sat, 6 Feb 2027		Atalanta	Lazio	0
23	Sat, 6 Feb 2027		Bologna	Milan	0
23	Sat, 6 Feb 2027		Como	Monza	0
23	Sat, 6 Feb 2027		Fiorentina	Udinese	0
23	Sat, 6 Feb 2027		Inter	Cagliari	0
23	Sat, 6 Feb 2027		Juventus	Sassuolo	0
23	Sat, 6 Feb 2027		Lecce	Napoli	0
23	Sat, 6 Feb 2027		Parma	Frosinone	0
23	Sat, 6 Feb 2027		Roma	Torino	0
23	Sat, 6 Feb 2027		Venezia	Genoa	0
24	Sat, 13 Feb 2027		Bologna	Como	0
24	Sat, 13 Feb 2027		Cagliari	Lazio	0
24	Sat, 13 Feb 2027		Frosinone	Fiorentina	0
24	Sat, 13 Feb 2027		Genoa	Atalanta	0
24	Sat, 13 Feb 2027		Inter	Milan	0
24	Sat, 13 Feb 2027		Monza	Lecce	0
24	Sat, 13 Feb 2027		Napoli	Juventus	0
24	Sat, 13 Feb 2027		Roma	Parma	0
24	Sat, 13 Feb 2027		Torino	Sassuolo	0
24	Sat, 13 Feb 2027		Udinese	Venezia	0
25	Sat, 20 Feb 2027		Atalanta	Monza	0
25	Sat, 20 Feb 2027		Como	Torino	0
25	Sat, 20 Feb 2027		Fiorentina	Inter	0
25	Sat, 20 Feb 2027		Juventus	Bologna	0
25	Sat, 20 Feb 2027		Lazio	Napoli	0
25	Sat, 20 Feb 2027		Lecce	Frosinone	0
25	Sat, 20 Feb 2027		Milan	Genoa	0
25	Sat, 20 Feb 2027		Sassuolo	Roma	0
25	Sat, 20 Feb 2027		Udinese	Parma	0
25	Sat, 20 Feb 2027		Venezia	Cagliari	0
26	Sat, 27 Feb 2027		Bologna	Lecce	0
26	Sat, 27 Feb 2027		Cagliari	Udinese	0
26	Sat, 27 Feb 2027		Como	Milan	0
26	Sat, 27 Feb 2027		Frosinone	Napoli	0
26	Sat, 27 Feb 2027		Genoa	Lazio	0
26	Sat, 27 Feb 2027		Inter	Atalanta	0
26	Sat, 27 Feb 2027		Monza	Juventus	0
26	Sat, 27 Feb 2027		Parma	Sassuolo	0
26	Sat, 27 Feb 2027		Roma	Venezia	0
26	Sat, 27 Feb 2027		Torino	Fiorentina	0
27	Sat, 6 Mar 2027		Atalanta	Torino	0
27	Sat, 6 Mar 2027		Fiorentina	Venezia	0
27	Sat, 6 Mar 2027		Juventus	Roma	0
27	Sat, 6 Mar 2027		Lazio	Frosinone	0
27	Sat, 6 Mar 2027		Lecce	Como	0
27	Sat, 6 Mar 2027		Milan	Cagliari	0
27	Sat, 6 Mar 2027		Monza	Genoa	0
27	Sat, 6 Mar 2027		Napoli	Parma	0
27	Sat, 6 Mar 2027		Sassuolo	Bologna	0
27	Sat, 6 Mar 2027		Udinese	Inter	0
28	Sat, 13 Mar 2027		Bologna	Napoli	0
28	Sat, 13 Mar 2027		Cagliari	Fiorentina	0
28	Sat, 13 Mar 2027		Como	Udinese	0
28	Sat, 13 Mar 2027		Frosinone	Monza	0
28	Sat, 13 Mar 2027		Genoa	Roma	0
28	Sat, 13 Mar 2027		Lazio	Juventus	0
28	Sat, 13 Mar 2027		Milan	Sassuolo	0
28	Sat, 13 Mar 2027		Parma	Lecce	0
28	Sat, 13 Mar 2027		Torino	Inter	0
28	Sat, 13 Mar 2027		Venezia	Atalanta	0
29	Sat, 20 Mar 2027		Atalanta	Milan	0
29	Sat, 20 Mar 2027		Fiorentina	Genoa	0
29	Sat, 20 Mar 2027		Inter	Frosinone	0
29	Sat, 20 Mar 2027		Juventus	Como	0
29	Sat, 20 Mar 2027		Monza	Bologna	0
29	Sat, 20 Mar 2027		Napoli	Venezia	0
29	Sat, 20 Mar 2027		Parma	Lazio	0
29	Sat, 20 Mar 2027		Roma	Lecce	0
29	Sat, 20 Mar 2027		Sassuolo	Cagliari	0
29	Sat, 20 Mar 2027		Udinese	Torino	0
30	Sat, 3 Apr 2027		Cagliari	Napoli	0
30	Sat, 3 Apr 2027		Como	Fiorentina	0
30	Sat, 3 Apr 2027		Frosinone	Udinese	0
30	Sat, 3 Apr 2027		Genoa	Inter	0
30	Sat, 3 Apr 2027		Lecce	Lazio	0
30	Sat, 3 Apr 2027		Milan	Monza	0
30	Sat, 3 Apr 2027		Roma	Bologna	0
30	Sat, 3 Apr 2027		Sassuolo	Atalanta	0
30	Sat, 3 Apr 2027		Torino	Juventus	0
30	Sat, 3 Apr 2027		Venezia	Parma	0
31	Sat, 10 Apr 2027		Bologna	Venezia	0
31	Sat, 10 Apr 2027		Cagliari	Atalanta	0
31	Sat, 10 Apr 2027		Fiorentina	Milan	0
31	Sat, 10 Apr 2027		Frosinone	Genoa	0
31	Sat, 10 Apr 2027		Inter	Roma	0
31	Sat, 10 Apr 2027		Juventus	Lecce	0
31	Sat, 10 Apr 2027		Lazio	Torino	0
31	Sat, 10 Apr 2027		Napoli	Sassuolo	0
31	Sat, 10 Apr 2027		Parma	Como	0
31	Sat, 10 Apr 2027		Udinese	Monza	0
32	Sat, 17 Apr 2027		Atalanta	Udinese	0
32	Sat, 17 Apr 2027		Bologna	Cagliari	0
32	Sat, 17 Apr 2027		Como	Frosinone	0
32	Sat, 17 Apr 2027		Fiorentina	Parma	0
32	Sat, 17 Apr 2027		Milan	Napoli	0
32	Sat, 17 Apr 2027		Monza	Inter	0
32	Sat, 17 Apr 2027		Roma	Lazio	0
32	Sat, 17 Apr 2027		Sassuolo	Lecce	0
32	Sat, 17 Apr 2027		Torino	Genoa	0
32	Sat, 17 Apr 2027		Venezia	Juventus	0
33	Sat, 24 Apr 2027		Cagliari	Monza	0
33	Sat, 24 Apr 2027		Frosinone	Roma	0
33	Sat, 24 Apr 2027		Genoa	Sassuolo	0
33	Sat, 24 Apr 2027		Inter	Bologna	0
33	Sat, 24 Apr 2027		Juventus	Fiorentina	0
33	Sat, 24 Apr 2027		Lazio	Como	0
33	Sat, 24 Apr 2027		Lecce	Milan	0
33	Sat, 24 Apr 2027		Napoli	Udinese	0
33	Sat, 24 Apr 2027		Parma	Atalanta	0
33	Sat, 24 Apr 2027		Venezia	Torino	0
34	Sat, 1 May 2027		Atalanta	Juventus	0
34	Sat, 1 May 2027		Bologna	Fiorentina	0
34	Sat, 1 May 2027		Como	Inter	0
34	Sat, 1 May 2027		Lecce	Cagliari	0
34	Sat, 1 May 2027		Milan	Lazio	0
34	Sat, 1 May 2027		Monza	Venezia	0
34	Sat, 1 May 2027		Roma	Napoli	0
34	Sat, 1 May 2027		Sassuolo	Frosinone	0
34	Sat, 1 May 2027		Torino	Parma	0
34	Sat, 1 May 2027		Udinese	Genoa	0
35	Sat, 8 May 2027		Fiorentina	Roma	0
35	Sat, 8 May 2027		Frosinone	Atalanta	0
35	Sat, 8 May 2027		Genoa	Cagliari	0
35	Sat, 8 May 2027		Inter	Lecce	0
35	Sat, 8 May 2027		Lazio	Sassuolo	0
35	Sat, 8 May 2027		Napoli	Monza	0
35	Sat, 8 May 2027		Parma	Milan	0
35	Sat, 8 May 2027		Torino	Bologna	0
35	Sat, 8 May 2027		Udinese	Juventus	0
35	Sat, 8 May 2027		Venezia	Como	0
36	Sat, 15 May 2027		Bologna	Frosinone	0
36	Sat, 15 May 2027		Cagliari	Torino	0
36	Sat, 15 May 2027		Como	Atalanta	0
36	Sat, 15 May 2027		Juventus	Inter	0
36	Sat, 15 May 2027		Lazio	Udinese	0
36	Sat, 15 May 2027		Lecce	Fiorentina	0
36	Sat, 15 May 2027		Milan	Roma	0
36	Sat, 15 May 2027		Monza	Parma	0
36	Sat, 15 May 2027		Napoli	Genoa	0
36	Sat, 15 May 2027		Sassuolo	Venezia	0
37	Sat, 22 May 2027		Atalanta	Lecce	0
37	Sat, 22 May 2027		Fiorentina	Monza	0
37	Sat, 22 May 2027		Frosinone	Cagliari	0
37	Sat, 22 May 2027		Genoa	Bologna	0
37	Sat, 22 May 2027		Inter	Lazio	0
37	Sat, 22 May 2027		Parma	Juventus	0
37	Sat, 22 May 2027		Roma	Como	0
37	Sat, 22 May 2027		Torino	Napoli	0
37	Sat, 22 May 2027		Udinese	Sassuolo	0
37	Sat, 22 May 2027		Venezia	Milan	0
38	Sat, 29 May 2027		Bologna	Parma	0
38	Sat, 29 May 2027		Cagliari	Roma	0
38	Sat, 29 May 2027		Como	Genoa	0
38	Sat, 29 May 2027		Juventus	Frosinone	0
38	Sat, 29 May 2027		Lazio	Fiorentina	0
38	Sat, 29 May 2027		Lecce	Venezia	0
38	Sat, 29 May 2027		Milan	Udinese	0
38	Sat, 29 May 2027		Monza	Torino	0
38	Sat, 29 May 2027		Napoli	Atalanta	0
38	Sat, 29 May 2027		Sassuolo	Inter	0
